EAN;ID Art. frs;Brand;Libelle article 07ZR;Qty;Prix;DOT;specification
4260399946549;1358013;EVENT TYRES;135/80R13 (70T) - FUTURUM GP TL;10;31.65;;
4260399947089;2155516;EVENT TYRES;215/55R16 (97W) EVENT -POTENTEM UHP;2;51.35;;
6419440529899;1756517;NOKIAN;175/65R17 - 87H;2;84.46;;
6419440532042;1956516;NOKIAN;195/65R16C - 104/102T;10;79.09;;
6419440532066;1957516;NOKIAN;195/75R16C - 110/108R;2;75.91;;
6419440532073;2056515;NOKIAN;205/65R15C - 102/100T;2;85.19;;
6419440532165;2255517;NOKIAN;225/55R17C - 109/107H;2;107.92;;
6419440532172;2256516;NOKIAN;225/65R16C - 112/110T;10;96.85;;
6419440532226;2356516;NOKIAN;235/65R16C - 121/119R;2;112.39;;
6419440567259;2156017;NOKIAN;215/60R17 - 100VXL;2;109.77;;
6419440567372;2255518;NOKIAN;225/55R18 - 102VXL;2;123.7;;
6419440567846;1956515;NOKIAN;195/65R15 - 91T;2;51.66;;
6419440567877;2156016;NOKIAN;215/60R16 - 99HXL;2;87.84;;
6419440599540;2154017;NOKIAN;215/40ZR17 - 87YXL;2;86.31;;
6419440599618;2255517;NOKIAN;225/55ZR17 - 101YXL;2;91.22;;
6419440599649;2355519;NOKIAN;235/55ZR19 - 105YXL;2;100.64;;
6419440599786;2255519;NOKIAN;225/55R19 - 103VXL;2;91.9;;
6419440599885;2254018;NOKIAN;225/40ZR18 - 92YXL;2;70.03;;
6419440647876;2156516;NOKIAN;215/65R16C - 109/107T;2;95.79;;
6921109063175;2055516;NOKIAN;205/55R16 - 91H;2;68.35;;
6921109063342;2453519;NOKIAN;245/35R19 - 93WXL;2;172.46;;
6924064117013;2055519;COMPASAL;205/55ZR19 -97W;6;65.45;;
6924064117181;2156515;COMPASAL;215/65R15C -104/102T;2;59.85;;
6933882534919;2254517;CST;225/45ZR17 - 94Y  XL;16;60.95;;
6933882534933;2155517;CST;215/55ZR17  - 98Y  XL;16;61.85;;
6933882535077;2055516;CST;205/55ZR16 - 94W  XL;22;52.65;;
6933882535640;2355519;CST;235/55ZR19- 105Y;6;82.15;;
6933882535770;2155516;CST;215/55R16- 97V  XL;4;59.15;;
6933882535794;2055017;CST;205/50ZR17- 93W  XL;4;56.95;;
6933882535800;2155017;CST;215/50ZR17  - 95W  XL;6;62.15;;
6933882535817;2255017;CST;225/50ZR17  - 98W  XL;4;62.75;;
6933882535824;2055517;CST;205/55ZR17- 95W  XL;4;62.45;;
6933882535831;2255517;CST;225/55ZR17  - 101W  XL;10;65.35;;
6933882535848;2355517;CST;235/55ZR17- 103W  XL;6;65.55;;
6933882535855;2156017;CST;215/60R17- 96V;6;62.25;;
6933882535879;2155518;CST;215/55R18- 99V  XL;2;66.55;;
6933882541948;1956516;CST;195/65R16C- 104/102T;6;63.15;;
6933882541979;2256516;CST;225/65R16C- 112/110T;2;74.55;;
6933882543065;2156516;CST;215/65R16 - 102V  XL;2;56.44;;
6933882545045;1855515;CST;185/55R15 - 86V  XL;8;41.65;;
6933882554504;1955516;CST;195/55R16- 91V  XL;4;48.55;;
6933882554535;2256517;CST;225/65R17- 102H;10;70.85;;
6933882554559;2156516;CST;215/65R16- 102H;8;59.35;;
6933882554603;2356517;CST;235/65R17- 108V  XL;2;69.55;;
6933882554634;2156517;CST;215/65R17- 99V;8;63.45;;
6933882554672;2454518;CST;245/45ZR18- 100Y  XL;6;72.35;;
6933882554719;2254018;CST;225/40ZR18- 92Y  XL;4;63.95;;
6933882554757;2356018;CST;235/60ZR18- 107W  XL;4;77.35;;
6933882555440;2056516;CST;205/65R16C- 107/105T;2;71.25;;
6933882559585;2054516;CST;205/45ZR16- 87W  XL;6;43.35;;
6933882559752;2255518;CST;225/55ZR18- 102W  XL;6;79.35;;
6933882584501;1954516;CST;195/45R16  - 84V  XL;8;43.75;;
6933882591592;1756514;CST;175/65R14  - 82H;8;40.15;;
6933882591677;1955515;CST;195/55R15  - 85V;10;45.15;;
6933882591707;1956515;CST;195/65R15 - 91V;18;44.35;;
6933882591721;2056515;CST;205/65R15 - 94V;2;56.85;;
6933882592018;2154516;CST;215/45R16 - 90V  XL;5;51.65;;
6933882597464;1956515;CST;195/65R15- 95V  XL;2;47.35;;
6933882597471;2055516;CST;205/55R16 - 94V  XL;12;52.05;;
6933882598249;1856515;CST;185/65R15 - 92H  XL;4;50.45;;
6933882599109;1956016;CST;195/60R16 - 89V;6;49.95;;
6933882599130;1856515;CST;185/65R15 - 92H  XL;7;43.15;;
6971594102194;1657014;COMPASAL;165/70R14C -89/87R;4;37.65;;
6971594102316;1956516;COMPASAL;195/65R16C -104/102T;8;56.15;;
6971594102323;1957516;COMPASAL;195/75R16C -107/105R;6;59.45;;
6971594102354;2156516;COMPASAL;215/65R16C - 109/107T;6;61.05;;
6972508640269;1856015;COMPASAL;185/60R15 -88H;6;41.35;;
6972508640313;2055516;COMPASAL;205/55R16 -94V XL;12;45.45;;
6972508640337;2155516;COMPASAL;215/55R16 -97V XL;10;51.95;;
6972508640375;2255017;COMPASAL;225/50R17 -98W XL;6;60.65;;
6972508640504;1955516;COMPASAL;195/55R16 -91V XL;2;46.15;;
6972508640627;2255516;COMPASAL;225/55R16 -99W XL;6;55.25;;
6972508640672;2155517;COMPASAL;215/55R17 -98W XL;10;56.75;;
6972508640689;2156017;COMPASAL;215/60R17 -100V XL;6;60.75;;
6972508640696;2255517;COMPASAL;225/55R17 -101W XL;10;62.35;;
6972508640702;2256017;COMPASAL;225/60R17 -103V XL;2;64.05;;
6972508640757;2254018;COMPASAL;225/40ZR18 -92Y XL;6;56.35;;
6972508640771;2255518;COMPASAL;225/55R18 -102V XL;6;66.05;;
6972508642584;1457013;COMPASAL;145/70R13 -71T;6;29.65;;
6972508642591;1458013;COMPASAL;145/80R13 -75T;10;31.25;;
6972508642614;1557013;COMPASAL;155/70R13 -75T;6;32.05;;
6972508642621;1558013;COMPASAL;155/80R13 -79T;10;33.35;;
6972508642690;1556514;COMPASAL;155/65R14 -75H;4;32.65;;
6972508642737;1756514;COMPASAL;175/65R14 -82H;21;35.45;;
6972508642775;1856514;COMPASAL;185/65R14 -86H;10;37.05;;
6972508642843;1755515;COMPASAL;175/55R15 -77H;8;37.45;;
6972508642867;1756515;COMPASAL;175/65R15 -84H;4;38.35;;
6972508642898;1856515;COMPASAL;185/65R15 -88H;8;39.95;;
6972508642911;1956515;COMPASAL;195/65R15 -91V;7;41.15;;
6972508642980;1956016;COMPASAL;195/60R16 -89H;4;40.85;;
6972508642997;2055516;COMPASAL;205/55R16 -91V;22;42.25;;
6972508643062;1955015;COMPASAL;195/50R15 -82V;8;40.85;;
6972508643079;1955515;COMPASAL;195/55R15 -85V;8;41.45;;
6972508643086;1955016;COMPASAL;195/50R16 -88V XL;8;44.55;;
6972508643123;1855516;COMPASAL;185/55R16 -87V XL;8;42.95;;
6972508643215;1656015;COMPASAL;165/60R15 -77H;10;34.95;;
6972508643338;1956015;COMPASAL;195/60R15 -88V;6;42.35;;
6972508643369;1657014;COMPASAL;165/70R14 -85T XL;4;33.95;;
6972508643413;1955516;COMPASAL;195/55R16 -91V XL;18;43.85;;
6972508647961;2054517;COMPASAL;205/45ZR17 -88W XL;6;48.35;;
6972508647978;2055017;COMPASAL;205/50ZR17 -93W;4;51.75;;
6972508647985;2055517;COMPASAL;205/55ZR17 -95W XL;6;55.05;;
6972508648005;2154517;COMPASAL;215/45ZR17 -91Y XL;14;50.75;;
6972508648012;2155017;COMPASAL;215/50ZR17 -95Y XL;10;55.15;;
6972508648029;2155517;COMPASAL;215/55ZR17 -98W XL;8;56.75;;
6972508648036;2254517;COMPASAL;225/45ZR17 -94Y XL;10;52.55;;
6972508648043;2255017;COMPASAL;225/50ZR17 -98Y XL;6;60.85;;
6972508648050;2255517;COMPASAL;225/55ZR17 -101W XL;14;61.65;;
6972508648067;2354517;COMPASAL;235/45ZR17 -97Y XL;2;56.05;;
6972508648098;2154018;COMPASAL;215/40ZR18 -89W XL;10;55.05;;
6972508648111;2155018;COMPASAL;215/50ZR18 -92W;6;58.25;;
6972508648142;2254018;COMPASAL;225/40ZR18 -92Y XL;12;53.35;;
6972508648180;2354018;COMPASAL;235/40ZR18 -95Y XL;10;58.75;;
6972508648197;2354518;COMPASAL;235/45ZR18 -98Y XL;2;63.05;;
6972508648241;2553518;COMPASAL;255/35ZR18 -94Y XL;6;59.95;;
6972508648296;2255519;COMPASAL;225/55ZR19 -103W XL;2;74.15;;
6972508648302;2353519;COMPASAL;235/35ZR19 -91Y XL;2;56.55;;
6972508648319;2354019;COMPASAL;235/40ZR19 -96Y XL;2;62.95;;
6972508648333;2355019;COMPASAL;235/50ZR19 -103Y XL;2;68.35;;
6972508648500;1955520;COMPASAL;195/55ZR20 -95H XL;2;63.25;;
6972508648784;2355519;COMPASAL;235/55ZR19 -105W XL;2;79.35;;
6976416395815;2354518;CST;235/45R18- 98W  XL;4;83.55;;
6976416395846;2354019;CST;235/40R19- 96W  XL;2;95.85;;
6976416395860;2454519;CST;245/45R19 - 102W  XL;4;99.65;;
